N,P,K,temperature,humidity,ph,rainfall,label
96.6,40.67,71.5,30.1,55.5,5.79,691.4,Phule Harit
117.25,62.26,73.16,30.1,76.6,6.25,1044.5,Pant Samrat
105.76,48.74,95.7,34.7,51.4,5.89,734.8,Pusa Uttam
93.69,68.47,80.07,21.8,72.9,6.78,1100.9,Pusa Rani
102.69,49.2,71.69,32.3,58.5,6.64,985.8,Ankur Vaibhav
127.58,58.99,112.92,27.8,55.1,6.84,795.5,Pusa Kranti
89.31,50.64,115.67,29.4,80.9,5.87,1158.5,Pusa Shyamala
114.6,43.58,86.53,29.6,52,6.36,872.7,Pusa Uttam
127.39,40.57,73.78,33.7,76.2,6.23,1068.4,Pusa Bindu
138.74,51.17,103.44,22.7,57.7,5.83,928.5,Pusa Kranti
81.07,62.15,85.5,23.5,80.7,6.83,701,Shyamala
103.07,48.4,97.58,25.1,57.9,6.28,870.4,Green Long
120.57,51.5,99.95,23.7,61.1,5.87,712.2,Green Round
141.83,65.73,87.67,22.3,53.6,6.73,699.5,Pusa Navneet
92.6,46.4,92.33,31.5,75.1,6.81,903.7,Swarnamani
103.83,42.8,102.74,31.5,53.8,6.43,731.4,Ankur Arjun
138.41,51.71,70.35,27.5,78,6.72,685.4,Pusa Uttam
140.48,43.19,116.67,24.6,70.4,6.35,1067.2,Pusa Hybrid-5
136.85,49.25,117.27,33.5,69.5,6.96,618,Pusa Rani
112.89,59.88,113.39,23.4,64.6,6.51,1014.5,Shyamala
133.16,69.2,116.41,21.4,79.8,6.15,694.3,Pusa Sadabahar
97.63,68.19,118.29,26.2,64.4,6.84,692.3,Pusa Mohini
148.88,59.13,118.34,20.2,68.2,5.8,701.9,Pusa Sadabahar
89.14,44.1,119.84,21.5,80.9,5.76,747.2,Ankur Gold
95.28,64.74,111.72,26.8,71.3,6.18,754.5,Pusa Purple Cluster
148.33,44.13,118.81,27.8,67.7,6.71,979.2,Pusa Upkar
139.31,67.05,75.26,27.8,71.8,5.71,953.7,Azad Kranti
99.29,51.67,100.38,30.3,53.7,5.86,1029.3,Pant Samrat
128.42,68.71,77.4,28.1,50.9,6.21,981.2,Bhagyamati
133.38,51.34,111.45,31.5,55.9,6.54,983.1,Pusa Uttam
84.83,45.4,114.15,32.7,56.1,6.69,929.6,Shyamala
82.89,45.38,70.67,33.5,51.8,6.7,1199.3,Mahyco-10
92.1,51.51,78.28,25.2,64.9,6.67,780.4,Long Purple
144.74,69.73,107.98,20.5,76.4,6.26,681.3,Pusa Navneet
82.56,57.62,77.06,34.5,82.7,6.5,929.6,Arka Shirish
117.99,43.06,86.62,30.3,73.4,5.57,1159.6,Bhavya
92.16,45.24,91.66,31.1,75.6,6.71,690,Swarnamani
106.93,53.84,99.61,23.9,57.2,6.75,931.2,Nayantara
107.76,40.28,114.33,34.7,83.6,5.51,708.7,Bhagyamati
118.7,56.11,86.27,27.1,64.8,6.13,990.6,Ankur Shreyas
147.15,41.46,105.6,28.8,53.2,5.92,605,Manjari Gota
148.56,42.95,104.28,27.7,50.6,5.98,972.6,Ankur Vaibhav
126.02,56.95,94.31,33.6,52.2,6.73,719.1,Pusa Purple Cluster
84.04,61.83,76.81,20.9,71.2,6.23,1020.6,Krishna
86.5,67.27,106.75,31.5,59.8,6.38,655.8,Swarnamani
146.49,40.86,70.41,21.8,71.2,6.5,1019.9,Pant Rituraj
103,67.95,94.3,24.8,61.6,6.45,896.4,Pusa Jyoti
83.99,53.9,95.74,24.4,55.4,6.95,959.9,Green Long
126.33,40.68,99.84,27.8,75,5.83,914.3,Arka Neelkanth
115.28,56.35,88.77,29.3,64.9,6.02,895.6,Pusa Jyoti
93.93,48.71,84.39,30.2,58.8,6.13,960.8,Ankur Arjun
85.23,42.39,75.03,26.8,68.7,6.64,831.2,Swarnamani
144.34,44.47,86.73,31.9,65.5,6.85,839.4,Pusa Purple Long
83.11,44.52,84.09,25.1,67.8,6.57,782.9,VNR 51
137.32,47.68,106.35,26,56.1,6.92,604.5,Bhagyamati
94.81,57.91,114.22,23.8,58.3,6.38,655.6,Krishna
116.33,49.07,88.84,29.1,72.8,5.74,1152.8,Arka Kusumkar
130.66,40.39,71.55,29.8,63.9,6.95,844,Ankur Vaibhav
140.13,41.99,109.28,23.1,58.1,6.86,1185.3,Pusa Bhairav
92.88,61.43,90.92,29.7,50.1,6.06,1000.4,Nayantara
93.99,64.05,94.16,23.6,56.2,5.67,1121.9,Pusa Bindu
100.73,51.14,119.42,22.5,56.6,6.98,1094.9,Pusa Niharika
91.41,54.88,70.64,21.3,72.7,6.4,614.5,Pant Rituraj
93.28,58.83,110.56,26.2,69.7,5.6,732.1,Ankur Vaibhav
127.38,41.04,92.26,20.3,83.4,6.21,1128.7,VNR 51
92.34,43.76,103.4,34.3,50.9,6.79,1074.6,Arka Shirish
88.78,64.56,102.97,29.3,68.5,6.94,785.7,Pusa Purple Long
134.29,40.03,112.74,23.5,60.8,6.53,940.1,Kashi Sandesh
124.76,42.35,114.91,25.4,74.7,6.69,631.7,Swarnamani
128.56,64.26,111.07,27.5,50.6,6.79,1047.4,Arka Nidhi
108.33,61.39,101.14,29,50.4,5.85,869.9,Pusa Navneet
101.79,61.51,84.69,28.1,71,6.16,775.2,Ankur Arjun
80.52,67.85,117.65,27,84.9,5.65,897.1,Pusa Purple Cluster
122.97,69.26,105.93,34,52.1,6.55,1069.7,Kashi Taru
131.14,41.56,87.68,23.4,78.2,6.28,904.8,Pant Samrat
86.21,50.97,102.97,23.3,55.2,5.66,950.3,Kashi Komal
118.6,40.57,100.37,27.6,80.6,6.33,752.3,Pusa Hybrid-5
114.34,57.53,99.64,25.1,78.8,5.89,940,Mahyco-10
116.79,45.28,88.06,21.4,60.9,6.46,1046.9,Arka Nidhi
138.98,43.13,85.71,30.9,83.4,5.85,1161.7,Nayantara
97.76,56.72,78.79,20.2,60.3,6.85,976.5,Annamalai
105.09,66.21,116.03,30.5,73.8,6.57,955.9,Pusa Purple Long
127.51,47.52,93.24,32.6,68.9,5.8,626.8,VNR 51
126.96,46.94,114.59,34.7,73.6,6.91,762.3,Bhagyamati
101.45,46.76,116.42,23.8,51.6,6.9,1021.6,CO-2
145.46,59.2,76.16,34.4,80.1,6.87,1109.3,Swarnmani
145.96,64.09,103.78,20.1,60.9,6.78,969.8,Pusa Bhairav
109.24,45.4,72.78,23.9,74,5.56,743.2,Ankur Vaibhav
115.01,58.76,99.52,28.6,58.8,6.68,852.5,Pusa Kranti
145.78,46.66,98.35,24.9,57.8,5.75,902.5,Arka Neelkanth
91.7,63.98,111.46,30.4,50.5,6.24,968.8,Bhagyamati
120.48,43.69,116.07,30.4,55.1,6.51,880.9,Kashi Komal
87.43,50.04,90.99,27.8,83,5.92,636.2,Long Purple
106.58,65.66,92.09,28.2,52.6,6.17,1107.9,Arka Neelkanth
142.87,46.25,94.95,23.8,72.4,6.49,1147,Pusa Purple Long
133.27,45.87,111.87,20.1,72.3,6.39,899.8,Pusa Uttam
82.59,43.1,75.01,32,58.7,6.27,973.6,Kashi Taru
105.31,43.79,76.44,23,67.3,5.67,1015.1,Pusa Hybrid-5
142.77,60.14,90.92,30.4,84.7,6.19,664.8,Green Round
88.52,69.56,109.79,32,52.8,6.31,1098.1,Bhagyamati
99.54,58.74,89.86,22.4,81.2,6.02,1187.2,Pant Samrat
125.02,68.07,74.34,25.1,52.9,5.68,1008.6,Ankur Vaibhav
115.52,59.1,80.07,31.2,58.5,5.53,619,Long Purple
147.37,46.75,116.49,33.5,62.3,6.15,969.9,Pusa Purple Long
118.24,59.41,70.71,26.1,68.2,6.68,1188.5,Green Round
118.11,58.63,102.13,24.5,60.1,6.53,947.3,Pusa Uttam
112.49,43.13,82.92,29.5,78.4,5.8,884.4,Pusa Nandini
145.3,62.96,77.83,29.4,50,6.53,1183.5,Pusa Niharika
145.84,54.22,77.78,24.5,57.6,6.05,996.4,Mahyco-10
133.54,61.05,109.04,32.4,65,6.61,824.7,Annamalai
145.44,41.61,116.1,29,68.7,5.79,774.8,Ankur Vaibhav
144.39,64.81,91.98,31.2,61.2,6.24,915.4,Annamalai
94.9,44.35,89.15,24.4,57.5,5.87,1100.4,Arka Neelkanth
86.11,51.78,80.55,32.9,70.8,6.41,1107.4,CO-2
110.98,60.25,89.51,33.1,50.7,6.17,1098.1,Kashi Sandesh
115.64,46.14,74.37,22.2,74.3,6.07,1044.8,Kashi Komal
113.31,49.59,75.41,20.8,83.6,6.91,1162.7,Phule Harit
105.27,44.64,103.68,25.3,81.6,5.82,1159,Pusa Hybrid-5
134.41,63.26,80.74,32.5,55.3,6.82,700.9,Bhagyamati
133.03,59.33,89.95,31.3,51,6.46,658.4,Annamalai
113.8,52.75,102.57,27.7,78.5,5.74,864.1,Annamalai
112.55,60.89,110.83,31.6,76.3,6.43,963.6,Pusa Sadabahar
121.59,69.59,105.23,29.5,53.1,6.54,661.2,Pusa Mohini
111.88,51.8,80.11,31.2,58.5,5.64,920.6,Pusa Shyamala
112.1,59.8,100,23.5,57.9,6.17,1187.1,Pusa Purple Long
83.3,59.2,110.1,30.8,70.1,6,1003,Ankur Gold
91.49,49.11,91.49,20.1,75.6,6.09,969.7,Green Long
149.93,44.69,108.99,26.3,61.4,5.96,1034,Azad Kranti
125.71,50.95,88.37,27.8,64.6,6.34,1124.9,Arka Kusumkar
123.39,58.34,73.94,23.5,69.9,5.58,1017.2,Pusa Uttam
110.04,42.26,101.49,24.6,76.9,6.35,995.5,Krishna
116,42.57,80.9,23,67.9,5.69,676.4,VNR 51
83.05,67.85,92.66,33.1,77.8,6.07,899.4,Pusa Shyamala
140.53,54.91,95.54,25.6,71.5,6.22,955.3,Pusa Ankur
140.51,43.47,84.3,27.1,70.3,6.09,917.8,Pusa Hybrid-5
122.86,41.02,103.63,25.4,54.2,5.84,853.8,Pant Samrat
104.35,43.01,101.44,21.8,79.6,6.9,733.8,Pusa Santosh
129.91,53.91,93.8,24.9,51.9,6.69,1171.7,Azad Kranti
101.14,55.09,109.83,28.2,73,6.6,1111,Long Purple
82.25,52.57,89.43,24.3,79.6,6.88,844.9,Pusa Nandini
117.22,51.85,87.1,21.4,79,6.36,926.4,Pusa Purple Long
133.5,64.94,99.53,23.6,78.2,6.63,653.9,Pusa Ankur
88.87,69.78,107.51,29.1,69.3,5.69,737.7,Arka Nidhi
109.72,41.95,91.17,24.3,73.4,5.71,1104.1,Ankur Vaibhav
110.7,51.91,108.18,27.7,69.8,6.56,679.8,Pusa Rani
122.08,65.42,117.82,23.3,81.9,5.74,740.7,Azad Kranti
135.76,46.7,104.51,33.1,72.7,6.41,980,Pusa Ankur
138.28,41.71,87.07,31.7,77.5,6.23,1014.7,Pusa Navneet
123.25,66.64,80.7,20.4,54.2,6.28,936.8,VNR 51
88.81,62.11,107.37,32.4,63,6.8,675.7,Ankur Arjun
100.05,53.81,89.58,25.2,61.5,6.93,1099.4,CO-3
128.19,68.88,104.48,20.8,84.9,6.27,796.3,Bhavya
110.55,40.29,96.99,31.6,75.3,6.86,1114.9,Pusa Bhairav
133.25,60.18,84.43,25,59.3,6.55,1000.3,Ankur Shreyas
101.64,58.41,80.39,21.8,61.4,6.7,629.3,Pusa Ankur
146,51.64,73.82,21.8,52.9,6.07,971.3,Pusa Purple Long
97.98,44.97,76.14,26.5,77.1,5.58,1198.3,Annamalai
134.6,50.25,79.32,29.7,61,5.56,1156.9,Green Long
120.07,55.42,116.79,32.5,61.5,5.97,1082.1,Pusa Shyamala
114.04,63.22,72.51,31.8,83,6.67,964.7,Arka Kusumkar
90.17,41.78,99.65,29.4,70.4,5.64,809.1,Azad Kranti
104.37,64.34,92.83,21.5,62.1,6.74,751,Azad Kranti
129.34,48.52,119.44,23,82.3,6.34,638.3,Pusa Purple Cluster
103.9,65.07,117.3,29.7,57.5,6.23,657.4,Arka Nidhi
117.62,40.08,80.05,35,62.8,5.66,650.7,Mahyco-10
103,45.43,109.31,31.6,52.6,6.81,889.6,Manjari Gota
121.91,41.65,104.83,33.3,81.5,6.2,1166.4,Pusa Upkar
115.74,60.57,118.56,32.6,53.7,5.84,960.1,Phule Harit
112,68.35,92.55,23.5,61.5,6.95,720.5,Arka Nidhi
93.89,62.8,72.12,29,78.1,5.89,1185.2,Kashi Komal
87.35,57.81,119.59,22.5,71,6.4,1124.5,Kashi Taru
121.12,43.67,105,31.3,75.3,6.9,893.9,Kashi Komal
118.89,67.17,106.69,21.9,65.1,6.9,630.4,Arka Shirish
88.65,40.39,88.57,34.5,64.2,5.99,932.5,Pusa Uttam
127.99,46.49,91.87,32.5,51.2,6.54,1087.4,Pusa Bhairav
123.69,64.73,84.07,29.7,79.5,6.95,712.9,Pusa Shyamala
114.97,51.16,106.24,22.2,74.6,6.96,800.2,Mahyco-10
138.52,67.59,104.07,20.4,70.5,5.95,919.6,Ankur Vaibhav
105.12,58.26,95.32,26,68.3,5.67,1191,Krishna
101.71,49.05,92.58,22.3,77.3,6.39,1171.8,Pusa Hybrid-5
121.76,44.13,118.48,25.9,74.2,6.54,915,Pusa Rani
97.56,53.38,104.12,22.7,83.4,6.49,991.2,Kashi Sandesh
93.04,68.13,96.06,21.2,60,6.86,1119,VNR 51
84.83,48.87,93.36,27.9,68.8,6.12,950.4,Long Purple
108.07,49.56,110.26,27.2,50.3,6.21,970.6,Kashi Komal
145.47,40.13,111.13,32.7,74.3,6.89,1037.1,Annamalai
123.83,50.5,74.8,25.4,63.4,5.89,1045,Pant Samrat
116.78,61.16,115.28,21.1,82.2,6.02,1144.1,Annamalai
146.62,44.99,104.7,34.2,82,6.97,1125.5,Azad Kranti
85.56,62.02,109.65,30.6,76.7,5.9,636.8,Pusa Shyamala
111.83,40.09,95.95,27.8,69,6.26,626.9,Ankur Shreyas
80.27,40.97,89.67,33.1,51.2,6.5,602.8,Shyamala
116.27,51.76,118.36,34.3,62.6,5.94,1060.7,Pusa Upkar
116.7,69.84,76.51,34.5,62.9,5.77,815.5,Pusa Niharika
125.43,64.5,76.81,22.9,66.3,5.93,1095.9,Ankur Gold
109.56,43.81,95.04,26.2,69.7,6.36,1173.1,CO-3
128.14,48,75.89,24.4,82.6,6.03,965.2,Swarnmani
87.57,67.64,104,30.9,52.3,6.01,1044.2,Manjari Gota
89.79,50.99,91.6,20.1,59.9,5.58,606.8,Swarnamani
126.14,65.53,113.53,26,60.9,5.5,1107.6,Kashi Taru
86.55,59.61,78.91,31.9,84.4,6.37,997,Mahyco-10
82.23,45.51,107.75,32.2,53.3,5.78,1005.1,Shakthi
131.86,49.22,76.58,25.6,62.1,5.79,943.9,Kashi Sandesh
93.01,69.43,84.4,26,50.6,6.12,615.3,Bhavya
129.16,64.74,74.68,31.7,77,6.98,782.1,Pusa Bhairav
135.42,51.31,112.35,26.3,66.6,6.45,612.9,Arka Nidhi
143.31,64.18,113.4,31.8,65.4,5.81,1086.1,Arka Nidhi
80.21,52.84,111.36,32.1,64.4,6.79,661.5,Ankur Arjun
128.94,53.69,105.99,31.6,51.4,6.57,823.1,Pusa Hybrid-5
114.48,55.65,105.66,24.9,59.3,5.5,660.7,Pant Rituraj
147.19,51.08,107.58,31.9,78.4,6.59,1061.9,Pusa Purple Long
132.69,60.04,87.49,27.6,59.7,6.55,916.4,Pusa Sadabahar
119.14,44.82,117.38,27.7,55.8,6.89,673.3,Pusa Ankur
133.18,69.78,88.01,26.1,53.8,6.28,789.1,Ankur Arjun
139.56,49.28,95.05,29.6,83.6,6.89,773.5,Azad Kranti
95.37,69.14,119.91,29.6,53.3,6.56,678.8,Ankur Arjun
100.63,41.67,117.74,30.5,60.3,6.1,928.3,Swarnmani
94.58,45.16,111.16,29.1,81.9,6.43,843.9,Ankur Gold
90.94,54.51,75.34,25.3,63.1,5.85,775.9,Pusa Niharika
99.93,68.33,80.09,32.3,75.6,6.15,1145.7,Kashi Taru
140.58,63.89,83.51,24.4,54.7,6.03,769.4,Pusa Purple Cluster
85.8,47.07,90.12,34.3,80.7,6.29,755.6,Ankur Arjun
80.65,41.46,76.84,32.2,65.5,6.6,870.9,Pusa Mohini
109.43,42.52,91.54,21.9,58.4,5.7,1059.3,Pusa Sadabahar
106.21,62.83,95.8,23.9,72.7,6.63,650.1,CO-3
96.26,51.48,79.37,33.9,56.3,6.09,719.9,Pusa Sadabahar
147.19,64.24,98.32,25,50.5,6.49,853.2,Pusa Navneet
132.13,61.66,112.74,27,82.1,6.21,857.3,Green Round
139.17,50.49,91.09,32.1,70.7,6.25,863.2,Ankur Arjun
135.08,51.3,116.83,31.8,50.4,6.83,718.8,Kashi Sandesh
108.45,63.43,115.68,20.5,72.6,6.82,813.4,Kashi Sandesh
80.1,62.95,73.43,26.6,84,5.79,677.7,Green Long
125.99,43.36,91.78,27.9,50.5,6.87,716.2,Shyamala
118.04,61.35,91.47,21.7,75.7,5.75,901.2,Swarnmani
115.5,48.7,75.38,33.7,58,6.53,738.4,Ankur Vaibhav
97.14,63.47,77.03,20.7,62.5,6.33,779.8,Pusa Uttam
118.99,52.55,84.68,21.4,60.9,6.14,790.6,Pusa Hybrid-5
139.67,43.78,95.82,20.9,82.2,5.79,629.3,Pusa Bhairav
137.86,55.07,115.64,26.9,70.8,6.87,987.7,Pusa Kranti
124.75,65.73,86.11,33.6,60.2,6,633.9,Pusa Bhairav
81.61,52.47,114.67,20.7,83.3,5.63,613.5,Pusa Navneet
110.9,42.27,72.4,29,78.2,6.31,979.8,Bhavya
123.06,60.1,108.84,29.3,75.3,6.49,918.5,Pusa Purple Cluster
113.45,49.09,93.01,32.3,51.4,5.61,1028,Mahyco-10
103.85,69.11,97.32,31.7,63,6.84,647.9,Pusa Bindu
102.67,62.43,78.33,28.1,74.8,6.32,894,VNR 51
118.25,41.97,78.49,31.1,67.7,6.81,1143.4,Ankur Gold
100.03,48.38,88.72,25.6,51.1,6.15,778.8,Ankur Vaibhav
117.87,41.78,94.42,25.7,84.8,5.91,797.7,Kashi Sandesh
87.98,58.92,75.67,21,59.9,6.68,892.2,Kashi Taru
87.02,46.25,91.46,27.8,50.1,6.52,1159.9,Krishna
141.59,62.48,78.53,28.2,56.6,6.19,611.3,Kashi Taru
91.56,69.27,90.46,24,73.9,6.43,1189.2,Ankur Shreyas
146.62,42.16,102.41,28.5,51.7,5.5,725.4,CO-2
114.34,47.13,107.95,25.4,66.8,6.44,699.6,Pant Samrat
102.99,56.02,107.12,28.1,53.8,5.75,1031.2,Pant Samrat
131.03,61.7,116.76,31.5,78.8,5.54,843.2,Phule Harit
125.05,42.81,104.58,21.1,52.5,6.14,862.3,Ankur Vaibhav
144.06,46.14,119.92,27.8,81.3,6.74,974.4,Pusa Shyamala
99.35,41.5,102.16,33.4,73.4,5.82,710.6,Ankur Vaibhav
93.49,62,102.04,22.8,52.4,6.16,827.8,Ankur Shreyas
90.6,51.97,73.48,33.9,59,6.26,1005.5,Pusa Ankur
104.31,60.24,107.53,30,63.4,5.87,1141.5,Ankur Vaibhav
140.01,63.35,73.87,24.3,78.9,5.6,731.9,Pusa Bhairav
105.36,65.93,87.67,20.8,52.4,6.69,1128.2,Pant Rituraj
98.49,46.22,80.72,22.2,67.8,5.58,629.4,Pusa Santosh
81.52,45.86,116.12,33.2,65.1,6.89,641.1,Krishna
136.81,48.51,75.17,33.1,84.3,6.43,1018.6,Pusa Nandini
96.62,65.05,74.81,34.8,61.9,6.39,916.5,Shyamala
102.7,64.48,99.82,28.8,54,5.62,1092.1,Pant Rituraj
135.19,44.63,72.88,34.1,75.9,6.28,907.4,Ankur Vaibhav
140.68,55.71,106.13,20.3,69.9,6.54,684.2,Pusa Hybrid-5
85.25,41.29,79.03,23.2,81.1,6.97,1175.6,Pusa Purple Long
81.63,45.17,118.18,29.2,81.4,6.13,890,Pusa Upkar
98.81,40.5,86.78,25,58.7,5.99,1031.5,Pusa Navneet
90.77,57.88,88.89,33.4,71.5,6.21,750.1,CO-3
81.73,44.85,101.69,28.6,66.7,6.99,646,Kashi Taru
120.54,58.52,100.98,26,81.4,5.83,902.5,Annamalai
86.73,63.48,106.1,24.6,73.6,6.02,1045.1,Bhavya
136.7,60.85,77.48,28,73.7,5.53,908.8,Pusa Rani
134.59,66.88,89.28,32.6,84.9,5.84,829.2,Pusa Nandini
100.17,68.83,90.97,31.3,65.4,6.06,1079.9,Bhavya
98.4,45,114.71,34.7,56.4,6.79,803.9,Pusa Mohini
121.64,48.76,91.29,26.6,79,5.8,620.8,Green Long
80.3,59.16,101.57,21.6,79.6,5.81,719.3,Azad Kranti
116.72,69.88,78.91,29.7,63.8,6.65,852.6,Pusa Bhairav
130.72,56.72,76.29,27.3,67.9,6.49,675.6,Azad Kranti
114.45,64.67,73.99,25.1,61.9,6.92,669.5,CO-2
140.86,40.29,77.03,28,52.3,5.88,1056.2,CO-2
82.12,47.04,90.67,30.2,84.8,5.51,774.5,Pusa Ankur
125.76,63.62,103.33,31.3,50.2,6.29,825.3,Phule Harit
124.2,52.35,119.39,29.8,85,6.11,768,Swarnamani
145.5,60.3,90.98,23.8,79.4,6.17,1191.7,Pusa Bhairav
96.45,61.25,109.87,24.9,53.8,5.53,1159.9,Arka Neelkanth
147.16,53.31,105.61,25.9,50.4,5.79,930.5,Shakthi
86.89,51.61,74.39,29.6,84.1,6.56,712.8,Manjari Gota
84.62,41.35,84.44,26.2,61.5,6.06,1035.9,Swarnmani
80.06,64.24,109.59,33.3,75.4,5.67,838,Pusa Jyoti
141.04,54.11,78.57,34.3,82.8,6.66,1046.4,Pusa Hybrid-5
127.45,45.12,82.96,21.1,64.5,6.81,814.4,Pusa Purple Cluster
112.39,57.07,101.82,22.9,75.4,6.64,634.4,Kashi Komal
126.04,40.32,94.96,31.6,69.6,6.54,855.9,Pusa Sadabahar
149.33,54.73,100.77,22.8,69.4,6.66,836,Ankur Shreyas
85.97,46.75,87.26,32.4,60.2,5.71,698.4,Ankur Gold
84.08,44.12,106.28,34.9,77.4,6.69,1009.6,Swarnmani
101.47,61.6,87.17,20.9,84.3,6.72,606.6,Pant Samrat
125.38,49.52,95.83,30.2,72.9,5.9,951.2,Ankur Shreyas
136.39,60.15,91.28,28.6,82.9,6.6,977.9,Arka Kusumkar
132.73,52.29,91,30.4,59.3,6.15,755.3,Pusa Kranti
112.82,43.73,118.84,29.8,59.2,6.59,612.1,Bhavya
98.42,41.96,109.31,20.4,84.1,6.27,745,Ankur Arjun
135.57,67.29,114.44,29,53.2,5.86,1060.5,Pusa Purple Long
145.26,61.78,87.15,25.5,74.5,6.59,874.7,Pusa Bhairav
142.56,46.14,102.03,26.8,75.3,6.7,948.8,Kashi Sandesh
86.57,51.67,92.62,33.2,57.2,5.55,943.2,Pusa Navneet
90.68,50.21,82.53,29.4,65,6.89,866.3,CO-2
126.04,54.55,116.88,32.9,83,5.71,1002.9,Pusa Rani
101.55,49.64,106.37,27.1,74.5,6.59,887.1,CO-3
141.79,65.73,103.91,34,60,6.89,1043.4,Arka Shirish
119.95,49.28,110.74,31.1,75.3,5.63,1050.7,Pusa Jyoti
104.38,69.71,118.94,28.5,65.9,6.05,949.9,Pusa Upkar
92.35,54.9,95.79,30.3,68.7,5.71,1123.6,Arka Shirish
114.39,48.41,95.66,33.2,50.5,5.97,943.5,Azad Kranti
120.53,64.69,81.7,32,54.7,5.92,722.7,Pusa Bhairav
113.81,42.81,103.46,27.1,69.4,6.96,1026,CO-2
138.86,67.91,72.87,34.1,69.5,6.98,1197.2,Shyamala
97.2,50.84,114.83,31.7,71.4,6.22,1138.4,Ankur Shreyas
111.52,46.76,100.52,32.1,71.3,6.27,1168.3,Ankur Arjun
117.16,66.42,90.28,33.9,79.2,6.17,1029.1,VNR 51
95.32,45.29,88.77,31.4,54.1,5.7,1180.6,Shyamala
94.97,62.21,89.38,26.5,64.3,5.55,1128.3,Nayantara
113.19,54.3,90.18,33.4,72.4,6.36,617.4,Ankur Gold
85.84,45.62,79.57,26.8,52.7,5.78,1053.5,Pusa Purple Long
131.2,57.48,81.21,20.1,54.3,6.29,953.6,Arka Shirish
116,45.54,89.4,26.9,79.3,5.78,802.1,VNR 51
95.97,69.95,76.85,23.7,55.9,5.55,898.2,Green Round
120.88,49,117.13,27.3,65.3,5.76,784.7,Ankur Shreyas
120.29,43.75,88.76,21,68.8,6.42,996,Azad Kranti
144.97,65.71,116.17,27.5,76.2,6.09,737.7,Annamalai
102.67,65.04,111.02,24.2,76.9,5.78,1080.3,Ankur Vaibhav
103.14,68.47,82.81,29.2,69.3,5.9,1070.7,VNR 51
90.94,63.24,84.3,23.5,78.6,6.47,834.8,Pusa Purple Cluster
128.85,42.5,99.58,32.2,70.6,6.95,932.4,Pusa Kranti
112.58,54.58,84.5,28.2,50.5,6.2,1118.8,Pusa Kranti
119.74,57.89,89.01,29.6,83,6.25,1002.6,Ankur Arjun
141.28,44.27,106.76,22.4,50.9,6.77,1092.1,VNR 51
85.14,69.29,74.21,33.3,82.7,6.2,777.7,Manjari Gota
107.28,41.34,89.07,25.2,50.4,6.17,1171.1,Ankur Gold
116.44,47.62,90.18,20.2,61.1,6.08,1088.6,Arka Kusumkar
136.49,69.02,94.29,25.2,78.7,6.88,1192.8,Pusa Niharika
111.18,56.31,71.79,29.3,55.9,6.82,1052.9,Pusa Navneet
109.26,45.76,88.42,25.4,84.5,5.69,1114.9,Swarnamani
126.49,65.46,114.05,35,60.4,6.75,1193.6,Arka Nidhi
128.63,60.92,72.94,21,62.9,6.48,901.8,Pant Rituraj
89.08,67.58,77.52,21.1,79.9,6.01,1006.6,Pusa Sadabahar
83.27,66.66,103.29,27.5,68.6,5.91,705,Annamalai
84.28,51.51,110.98,20.8,81.2,6.78,999.8,Kashi Sandesh
93.54,62.36,96.19,22.5,68.6,5.77,1044.8,Pusa Upkar
100.77,52.17,99.72,21.5,62.5,6.89,769.1,Pusa Kranti
146.52,63.22,107.43,20.8,50.9,7,1076.2,Pusa Upkar
105.74,64.12,109.13,32.5,84.9,5.75,924.6,Pusa Purple Cluster
93.44,54.83,103.71,24.8,74.2,6.77,602.3,Ankur Vaibhav
87.98,68.3,107.59,29.9,74.1,6.39,1142.7,Pusa Purple Long
119.03,41.43,109.75,29.6,56.3,6.7,782.6,Arka Neelkanth
86.64,43.89,92.05,27.8,62.9,6.21,1084.2,Ankur Gold
107.16,41.69,89.9,32.2,68.2,6.52,638.6,CO-2
112.87,52.73,111.67,32,51.7,5.61,939.7,Ankur Shreyas
86.68,43.49,98.77,32.9,75.1,6.53,1103.4,Arka Nidhi
89.75,65.75,106.66,26.1,70.4,5.89,643.2,VNR 51
126.21,52.4,76.87,29.8,73.3,5.94,1168.4,Pusa Santosh
140.08,52.27,118.14,21.1,76.4,6.1,612,Annamalai
119.09,68.35,74.98,21.5,57.3,5.72,1032.8,Pant Samrat
80.69,46.66,118.68,34.2,80.6,6.21,947,Pusa Ankur
146,43.49,117.95,20.7,64.9,5.72,1039.2,Arka Shirish
134.65,61.2,88.98,20.9,78.3,6.15,988.9,Pusa Navneet
134.77,49.34,119.97,22.5,76.4,6.14,997,Pusa Nandini
112.48,57.41,84.92,34.8,50.4,6.36,637.4,VNR 51
142.42,49.56,85.02,24.7,82.6,6.07,1013.5,Ankur Gold
128.27,55.46,108.57,27.4,78.9,6.9,653.6,CO-2
98.56,44.98,80.28,22.7,72.5,5.88,629.6,Arka Neelkanth
107.27,40.84,92.26,23.2,57.3,6.36,712.7,Ankur Gold
90.01,40.59,96.79,25.7,77.5,6.46,799.3,Arka Kusumkar
92.2,56.51,96.07,25,83.7,6.39,648.9,Green Long
101.03,65.22,100.11,28.3,69,6.92,974.6,CO-3
109.59,47.53,88.99,26.6,59.7,5.53,821,Pusa Santosh
101.51,44.33,90.39,25.8,70.7,6.82,787.9,Annamalai
121.48,45.04,104.16,23.5,74.5,6.77,857.1,Arka Shirish
89.21,64.73,116.31,20.9,78.9,5.53,940.1,Pusa Ankur
81.5,41.73,72.3,24.2,71,6.65,781.9,Pusa Ankur
102.01,48.33,72.62,21.5,80.7,6.1,918.9,CO-2
140.78,52.09,71.12,23,74,6.21,1028.7,Pant Rituraj
88.2,48.16,86.39,22.9,52.8,6.01,729.9,Krishna
104.15,47.25,75.35,29.2,72.9,6.03,607.6,Ankur Vaibhav
103.11,61.06,102.01,21.6,59.4,6.67,1135.8,Kashi Sandesh
91.28,50.74,70.92,22,84.6,5.73,727,Shyamala
134.89,62.64,114.99,34.2,82.6,5.62,742.9,Phule Harit
95.73,49.54,77.65,23.3,62.5,6.83,1081.9,Green Round
89.82,60.47,115.01,34,61,6.84,913.7,Arka Neelkanth
119.22,52.97,93.49,31.1,57.4,6.79,717.5,Arka Shirish
115.48,50.97,110.24,29.9,55.2,5.58,1143.1,Kashi Komal
93.17,60.25,71.67,30.9,82.9,6.06,847.8,Pusa Kranti
107.76,66.33,71.48,34,53.1,5.79,651.6,Pusa Santosh
127.65,55.39,90.95,29.8,60,5.88,1138.8,Pusa Shyamala
97.29,55.63,81.98,24.3,62,6.31,600.3,Azad Kranti
85.16,52.4,79.71,23.6,80,5.84,662,Swarnamani
102.94,63.01,110.34,26.9,51.4,6.16,1164.2,Green Long
144.96,64.74,105.52,30.9,58.6,6.19,1162.8,Shakthi
140.54,42.17,102.21,21,72.1,5.91,800.3,Phule Harit
139.37,40.01,94.57,25.7,76.9,6.48,1110.9,Pusa Upkar
136.58,63.75,89.5,29.9,78.4,6.94,1071.7,Ankur Gold
80.01,59.87,74.44,26,56.7,6.75,614.2,Pant Samrat
82.88,42.38,84.89,26.3,63.9,6.72,1137.2,Annamalai
98.07,40.02,70.21,33.2,62.3,6.47,866.5,Pusa Santosh
110.1,59.56,105.5,26.9,51.4,5.99,1159.9,Pant Rituraj
116.1,42.88,98.52,20.8,61,5.68,729.4,Ankur Arjun
130.86,49.5,101.88,34.5,64,6.09,652.4,Pant Rituraj
101.84,47.42,73.79,21.3,52.1,5.9,761.2,Shyamala
129.6,50.34,106.77,30.1,56.1,6.53,1027.5,Pusa Rani
91.59,58.95,75.92,34,53.1,5.67,838.2,Long Purple
91.06,48.33,118.49,22.2,83.3,6.83,647.9,Kashi Komal
90.9,58.75,77.84,27.2,74.7,6.2,1063.5,Krishna
91.86,64.07,91.84,31.8,78.9,5.65,756.3,Ankur Vaibhav
146.84,61.32,70.04,30.1,82,6.31,874.6,Pusa Jyoti
134.35,69.33,79.02,32.9,71.9,6.96,954.3,CO-2
128.01,65.76,94.89,27.9,77.5,6.46,1161,Kashi Sandesh
136.15,62.63,116.61,30.1,71.2,5.82,954.4,Ankur Shreyas
128,40.08,77.36,24.9,72.4,6.09,609.3,Pant Samrat
136.49,41,106.38,30.3,63,6.91,1062.3,Pusa Niharika
108.62,68.63,81.97,21.9,65,5.7,765.3,Kashi Sandesh
85.77,50.1,106.2,31.9,64.5,6.7,730.7,Mahyco-10
102.04,43.58,94.54,26.2,72.6,6.7,1135.5,Ankur Vaibhav
102.56,49.83,75.38,25.8,61.7,6.94,1119.3,Nayantara
99.08,41.27,75.92,20.5,58.1,6.31,948.4,Ankur Vaibhav
105.2,51.53,113.39,29.9,81.4,6.53,711.8,Pusa Purple Cluster
114.3,69.44,102.82,25.9,73.1,6.42,1183.8,Pusa Ankur
112.6,61.6,88.34,26.5,75.6,6.71,1070.2,Pusa Rani
94.15,52.77,95.18,22.8,69.3,5.94,711.9,Arka Nidhi
149.24,52.19,112.27,24.6,58.2,6.81,1021,Kashi Taru
81.07,63.37,113.67,29.6,70.2,6.62,697.8,Arka Kusumkar
124.11,60.42,115.64,29.4,60.7,6.49,783.3,Pusa Bhairav
117.58,45.56,79.44,27.6,77,6.78,1172.5,Krishna
97.53,42.63,100.59,22.4,69,6.79,870.8,Bhavya
139.47,41.5,80.33,34.8,74.6,6.01,970.9,Pusa Ankur
95.27,54.86,109.41,22.6,79.2,5.65,915.2,Phule Harit
112.56,46.77,80.59,33.4,74,5.53,747,Azad Kranti
149.27,43.86,70.55,29.5,56.1,5.87,978.2,Nayantara
140.06,55.19,116.89,24.6,51.5,5.96,709.3,Pusa Hybrid-5
102.08,46.19,109.7,30.9,76.2,6.28,988.1,Manjari Gota
138.23,49.93,109.21,28.4,76.7,5.9,1096.2,Arka Neelkanth
129.14,42.34,114.78,34.4,75.8,6.91,891.2,Pusa Rani
108.84,52.94,82.9,30.7,65.7,6.34,1045.6,Pusa Navneet
89.14,68.31,101.06,31.6,64.5,5.96,934,Ankur Arjun
140.45,57.08,115.71,33.3,70.8,5.56,824.4,CO-2
88.18,51.88,94.66,34.8,68,5.54,708.9,Mahyco-10
136.32,53.31,119.54,22.9,82.1,6.93,704,Ankur Shreyas
80.89,56.08,111.67,29.7,54,5.52,791.6,Pusa Ankur
107.47,59.48,111.57,28.3,75.4,6.62,1013.7,Shakthi
137.13,42.91,83.38,21.2,71.3,6.06,897.6,Pusa Hybrid-5
125.7,49.99,105.59,27.4,81.4,5.57,1055.2,Green Long
123.3,49.88,84.18,29.2,82.6,6.93,957.1,Pusa Rani
144.68,62.1,85.16,28,77.5,6.47,956.2,Pusa Nandini
146.01,47.01,91.5,23.3,53.4,6.79,811.2,Nayantara
137.59,56.25,85.57,21,58.2,5.84,652.9,Pant Samrat
128.82,40.2,72.71,26.6,55.4,5.76,747.7,Pusa Mohini
110.59,42.6,86.11,31.2,69.8,5.73,835.6,Pusa Purple Cluster
146.32,56,97.76,25.7,57,5.55,1096.7,Pusa Bhairav
100.59,44.76,93.97,27.7,59.4,5.59,1033.4,Green Round
145.33,40.01,98.12,34.4,56.7,6.17,928,CO-2
99.47,41.22,94.71,28.9,55.1,5.84,761.6,Bhagyamati
145.2,57.73,88.51,33,73.1,5.59,728.2,Green Long
122.58,45.25,86.05,30.5,52.7,6.04,925,Bhavya
130.6,67.22,110.43,29,79.3,5.83,749.9,Kashi Komal
116.56,66.67,111.34,25.7,73.8,6.91,934.7,VNR 51
143.17,50.37,87.25,28.5,84.4,6.22,1041.4,Arka Nidhi
92.48,66.3,119.93,30.4,61.9,6.54,888.6,Pusa Navneet
137.53,40.69,116.68,26.2,74,5.88,1169.9,Green Round
116.51,47.49,90.9,32.8,53.7,5.62,831.6,CO-2
134.41,69.25,101.56,29.2,54.9,6.86,1021.2,Pusa Niharika
99.62,54.19,106.55,28.3,55.2,5.55,1006.6,Long Purple
132.19,62.27,93.87,33.7,55.6,6.75,802.4,Kashi Taru
126.04,64.83,71.17,24.6,84.3,6.98,1120.2,Manjari Gota
142.56,66.06,93.94,33.3,67.1,6.52,906.1,Phule Harit
96.29,50.1,110.3,21.1,55.3,6.37,839.9,Krishna
144.31,42.87,112.19,28.3,63.3,6.22,829.6,Pusa Rani
136.23,58.18,106.74,22.8,69.6,6.87,1096.1,Azad Kranti
138.99,40,108.05,30.6,51.6,5.86,1081.9,Pusa Uttam
120.9,46.97,87.03,24.7,68.1,5.5,937.5,Green Round
114.05,55.95,102.86,25.7,54.4,6.65,1033.5,Pusa Mohini
91.85,55.56,93.92,33.9,74.1,6.54,748,Pusa Ankur
105.19,58.67,90.42,20.7,53.9,5.83,820.4,Shakthi
94.67,56.68,118.15,28.4,76.4,5.74,741.3,Nayantara
95.55,46.97,107.89,30.8,68,5.97,813.6,Bhagyamati
97.61,50.56,103.04,23.4,73.3,5.86,1165.5,Pusa Purple Cluster
120.64,57.19,109.44,29.5,63.2,6.37,1154.3,Pant Samrat
100.04,65.52,110.44,23.3,81.3,5.88,882.5,Kashi Komal
107.7,43.79,117.6,27.9,69.9,5.9,969.9,Pusa Niharika
126.48,53.13,80.56,32.1,53.4,5.77,859.5,Green Long
131.62,52.52,109.01,27.5,64.6,5.78,742.2,Pusa Shyamala
116.61,61.86,77.84,28,78.8,5.56,1124.8,Ankur Vaibhav
87.47,41.27,118.16,24.7,51.4,6.05,730.7,Bhagyamati
122.28,66.04,79.03,29.9,59.2,5.63,1019.4,Pusa Kranti
86.01,54.91,105.53,21.2,81,6.97,1006.2,Ankur Shreyas
97.86,46.74,71.05,29.4,78.8,6.6,1015.9,Arka Nidhi
99.32,56.17,84.63,26.9,56.2,5.92,970.2,Arka Nidhi
92.76,68.83,117.27,24.8,59.1,6.58,612.1,Annamalai
99.01,44.63,119.47,24.1,57.7,6.17,976.3,Arka Shirish
115.14,44.31,84.99,28.4,66.7,6.91,1054.9,Arka Neelkanth
110.77,57.69,106.21,32,84.9,5.87,1098,Krishna
126.94,55.68,104.9,21.5,58.9,5.98,784.5,Ankur Arjun
143.41,40.32,82.68,22.5,73.9,6.36,819.9,Shakthi
143.87,62.44,84.87,29.7,72.4,5.56,720.2,Green Round
137.62,46,103.79,24.9,70.7,5.73,697,CO-3
121.35,51.72,71.82,24.2,63.1,5.66,781.5,Bhagyamati
133.46,52.24,99.13,34.1,56.4,6.75,916.6,Pusa Navneet
82.69,50.78,76.11,21.6,72.9,5.9,898.1,Arka Shirish
143.42,61.33,100.01,29.2,80.7,5.92,1160.1,Pusa Mohini
129.74,68.87,106.64,21,57.7,5.9,792.3,Ankur Arjun
106.56,60.17,96.45,34.5,65.3,5.94,923.4,Pusa Purple Cluster
98.48,62.98,85.08,27.4,52.5,6.44,1110.7,Pusa Bindu
141.83,66.55,70.85,28.8,59.3,5.77,701,Phule Harit
124.49,48.16,71.99,25,74.7,5.82,632.6,Pusa Purple Long
125.24,54.89,73.65,31.4,77.2,5.89,721.3,Kashi Taru
124.63,65.25,79.95,24.9,58.5,5.7,638.7,Pusa Shyamala
98.74,56.3,111.13,22.9,76.7,6.06,1050.6,Shakthi
132.29,63.75,70.03,20.5,75.6,6.81,914.8,Bhagyamati
142.58,61.02,74.66,34.6,63.3,6.29,735.5,Pusa Purple Long
83.79,66.41,88.28,28.3,82.1,6.88,909.4,CO-3
92.41,62.89,72.25,33.6,79.1,6.93,638.6,Kashi Sandesh
135.42,53.55,76.49,34.3,60,6.11,914,Bhavya
138.61,64.19,85.19,20.5,68.1,5.72,975.7,Ankur Arjun
125.7,65.75,78.81,30,67,6.42,1034.3,Mahyco-10
132.85,64.42,116.42,32.6,77.5,6.18,869.8,Pusa Rani
138.54,40.4,75.81,29.1,71.6,5.84,1055.4,Pusa Uttam
115.55,46.66,89.78,31.6,84.7,6.29,1083.7,Ankur Shreyas
139.34,65.54,81.63,24.9,59.5,6.82,975,Green Round
116.42,51.33,98.69,22.3,79.1,6.24,617.1,Arka Kusumkar
128.5,47.85,72.24,24.6,62.5,6.71,798.7,Pusa Navneet
149.58,47.76,108.73,24.9,84,5.81,1100.8,VNR 51
144.58,69.85,102.22,20.5,71.2,6.15,900.8,Pusa Santosh
84.47,65.72,83.46,22.3,68.3,6.41,1084.4,Pant Rituraj
145.89,40.82,90.27,20.3,78.7,5.93,1101.8,Pusa Kranti
111.61,41.64,110.68,24.8,73.5,5.54,1032,Pusa Bindu
83.65,59.39,97.41,31.7,53.9,5.61,692.4,Pusa Upkar
107.01,63.54,112.35,32.6,74,6.02,705.2,Kashi Taru
139.81,49.33,97.63,20.8,55.8,6.33,1146.1,Pant Rituraj
116.52,60.69,74.39,32.4,62.2,5.52,750.5,Arka Nidhi
118.57,67.76,98.66,30.7,69.5,6.75,648,Pusa Rani
97.83,51.3,102.63,23.1,61,6.15,1164.9,CO-3
130.89,43.52,96.04,21.4,84.9,5.67,853.3,Bhavya
113.89,65.55,109.7,26.4,50.2,6.21,1166,Pusa Nandini
88.43,45.11,102.56,20.8,69.6,6.51,602.8,Pusa Sadabahar
89.37,48.18,100.92,24.1,52.9,6.81,898.9,Pant Rituraj
146.88,66.96,107.9,31.9,60.1,6.98,1110.8,Pusa Rani
121.43,51.36,89.41,20.1,68.1,6.87,986.5,Shyamala
136.04,44.85,106.9,32.7,53.9,5.51,1177.2,Pusa Uttam
82.37,58.8,102.41,31.2,69.7,6.65,648.9,Pusa Shyamala
91.48,58.75,119.65,25.9,78.9,6.89,725.3,Ankur Arjun
135.63,41.33,75.23,33,50.3,6.94,616.8,Arka Shirish
125.63,47.09,99.09,20.3,83.8,6.16,1069.2,Kashi Sandesh
144.95,51.47,72.82,26.6,83.4,6.09,781.7,Shakthi
147.81,69.46,108.45,20.6,65.5,5.63,690.8,Shyamala
81.73,45.01,89.02,23.1,62.4,6.31,1138.7,Ankur Arjun
148.53,64.26,73.03,34.2,55.7,6.05,1057.6,CO-2
114.91,61.87,84.8,20.1,61.8,6.93,708.5,Pusa Nandini
102.66,64.15,104.65,34.5,83.3,5.67,837.4,Kashi Taru
92.49,65.11,105.25,24.6,61.3,5.55,1058,VNR 51
102.49,69.15,87.14,26.7,80.7,5.59,646,Shyamala
86.41,67.05,118.9,33.2,63.4,6.77,1131.7,Ankur Shreyas
103.7,67.78,113.85,22.1,58.5,6.8,1026.5,Pusa Purple Cluster
147.11,40.46,96.54,24.7,82.1,5.6,717,Arka Neelkanth
84.55,61.16,84.03,28.6,63.7,6.15,1051.1,Pusa Nandini
106.73,52.58,76.58,20.8,67.3,6.86,777,Pusa Rani
149.09,63.21,105.3,20.2,52.6,6.9,707.9,Bhavya
143.47,49.1,82.15,23.9,72.3,6.03,845.3,Kashi Sandesh
121.11,41.58,83.2,25.6,78.1,5.54,780.2,Manjari Gota
92.77,66.56,103.17,27.6,66.1,6.05,997.9,Pusa Kranti
84.52,55.73,93.69,20.6,50.3,6.58,625.5,CO-3
85.05,56.78,70.08,34.6,73.1,6.35,1111.9,Pusa Mohini
142.45,63.64,100.36,28.5,70.9,5.59,1169.4,Ankur Gold
142.01,64.84,96.72,30,51.6,6.38,735.1,Pant Rituraj
105.45,51.33,91.18,20.2,67,6.55,1071.8,Pusa Jyoti
144.99,49.56,110.22,20.6,68.1,5.81,1090,Arka Shirish
134.73,41.27,83.15,20.7,72.5,6.59,1040.8,Green Long
149.32,59.32,81.78,25.2,57.8,6.38,682.8,Pant Samrat
148.58,49.25,101.86,33,52.4,5.66,746.5,Arka Shirish
119.28,44.5,78.63,34.1,73,6.03,690.4,Annamalai
142.95,43.64,117.47,23.1,53,6.1,1183.9,Pusa Mohini
123.42,52.7,106.54,21.5,51.5,6.55,1165.1,CO-2
119.03,57.48,72.32,26.7,53.6,6.5,1100.2,Ankur Gold
133.93,63.9,72.03,34.6,80.6,5.57,1140,Pusa Sadabahar
86.39,55.77,79.61,21.3,75.1,5.78,862.1,Pusa Santosh
104.8,55.26,92.34,29.3,60.8,6.75,680.4,Pusa Uttam
122.47,64.12,118.59,30.5,81.7,6.63,777.2,Mahyco-10
83.45,49.28,104.35,25,75.5,5.64,858.3,Bhagyamati
135.17,62.33,106.36,21.8,50.8,5.97,623,Pusa Hybrid-5
132.99,53.42,84.66,25.4,81.9,6.1,893,Pusa Purple Cluster
80.32,64.93,77.9,26.2,79.8,6.42,953.4,Kashi Sandesh
149.91,40.81,104.49,32.9,75.7,5.96,708.7,Pusa Navneet
85.35,61.68,111.09,27.6,73.9,5.85,957.2,Pusa Purple Cluster
129.94,43.13,98.56,30,80.5,6.74,752.5,Green Round
128.75,68.7,103.53,30,68.2,6.05,698.6,Phule Harit
142.47,40.58,101.99,21.8,82,5.76,686.8,Ankur Vaibhav
130.56,41.75,87.6,34.4,62.9,6.58,987,Pusa Santosh
94.46,60.02,115.2,25.8,76.6,5.74,786.4,Shakthi
141.75,56.72,87.06,24.2,56.2,6.28,867.1,Pusa Upkar
137.33,52.32,94.35,27.3,63,6.57,983.3,Arka Shirish
118.61,60.34,73.56,31.9,63.1,5.63,657.4,Pusa Sadabahar
132.01,42.04,100.39,27.8,53.6,6.93,725,Pusa Hybrid-5
110.95,49.6,88.72,28.1,83.2,5.57,690.4,Pusa Niharika
96.79,62.38,71.55,33.6,72.6,5.52,1001.9,Ankur Vaibhav
148.91,64.34,73.02,34.2,67.2,6.07,1015.6,Pusa Uttam
138.16,56.21,76.04,30.4,85,6.95,872.2,Pusa Purple Long
146.38,57,95.52,33.4,72.3,6.72,1154.5,Arka Neelkanth
148.5,43.34,85.81,33.9,79,5.87,908,Arka Kusumkar
138.52,50.26,108.56,28.4,60.8,6.21,756.6,Ankur Gold
102.14,42.12,78.21,33.9,72.4,5.53,997.8,Bhagyamati
119.33,61.14,110.51,23.7,50.8,5.54,894.5,Kashi Komal
114.45,46.68,110.72,28.1,50.2,6.66,803.6,Ankur Vaibhav
122.63,40.55,70.96,27.7,82.4,6.79,776,Green Long
141.08,61.83,86.46,30.2,72.9,6.17,1075.5,Azad Kranti
117.57,52.68,81.92,33.3,56.8,6.57,853.2,Shakthi
91.19,69.78,97.82,27.8,69.4,6.42,1085.5,Pusa Uttam
108.41,41.88,90.57,29.9,77.7,6.11,872.5,Pusa Jyoti
119.13,48.97,108.19,29.1,61.8,6.46,859.1,Green Long
101.02,63.91,82.66,23,79.3,5.67,1023.4,Ankur Arjun
126.76,44,85.73,21.8,61.4,6.95,1040,Green Long
109.25,67.47,84.11,23.6,65,5.78,942.7,CO-2
116.29,64.02,82.16,32.7,59,6.39,722.1,Pusa Mohini
95.32,49.94,87.75,23.9,70.1,6.71,1121.1,Pusa Sadabahar
127.17,40.11,86.91,23.5,80.6,6.42,712.3,Green Round
121.84,68.67,119.27,22,52.3,5.7,998.6,Annamalai
83.81,49.42,104.5,33.6,73.4,6.99,1053.8,Ankur Vaibhav
99.18,41.44,117.6,24.7,70.1,6.1,758.9,Ankur Gold
87.58,40.65,86.39,23,62.8,6.4,711.9,Pusa Sadabahar
138.56,49.28,91.88,25.5,81.4,6.79,1110.7,Pusa Purple Long
93.2,60.91,95.77,20.2,58.9,6.45,1069.1,Pusa Bindu
109.57,41.74,111.67,21,53.1,6.02,1134.5,Pusa Santosh
110.63,60.83,75.79,27.1,84.8,6.31,687.6,Ankur Shreyas
106.26,65.55,117.14,24.5,54.2,5.53,889.1,Pant Samrat
87.36,69.2,110.35,22.2,63.7,6.56,802,Annamalai
128.62,62.4,97.07,24,65.5,6.15,899.8,Arka Nidhi
115.6,51.67,101.42,25.5,51.6,6.16,669.5,Arka Nidhi
132.23,49.75,110.71,34.1,61.1,6.69,1071.7,Krishna
111.32,41.27,87.93,31.2,75.8,6.99,1020.9,Pusa Jyoti
126.02,46.8,97.06,24.1,53.8,6.81,715.5,Arka Shirish
92.71,64.59,73.54,21.3,66.9,6.45,1129.2,CO-2
122.89,46.96,83.66,27.7,77.8,5.93,619.1,Nayantara
97.33,56.91,77.06,27.7,65.5,5.64,1042,Pusa Upkar
139.27,55.59,108.47,33.3,78.6,6.07,1132.3,Krishna
123.25,44.88,101.91,24,80.6,6.09,855.6,Azad Kranti
121.35,50.81,88.05,28.1,60.8,6.53,1159.5,Pusa Shyamala
133.99,56.36,115.55,29.2,67.6,5.74,1113.3,Pant Rituraj
108.26,43.48,81.19,32.9,57.7,6.36,945.1,Pusa Bindu
120.27,46.91,83.25,22.1,84.2,6.23,1171.4,Pusa Purple Cluster
113.27,60.4,97.73,24.3,81.9,6.16,879.3,CO-3
128.39,67.42,80.24,25.7,83.1,5.51,941.5,Arka Nidhi
110.61,44.86,107.37,31.6,52.4,5.98,616.6,VNR 51
115.75,57.18,88.79,25.6,50.9,6.32,775.4,Pusa Kranti
101.08,48.43,74.48,28,72.3,6.41,715.4,Long Purple
137.37,48.58,111.34,22.4,70.9,5.72,613.5,Pusa Purple Long
102.1,63.65,82.68,24.1,54.1,6.39,832,Pusa Niharika
102.5,44.51,70.18,22.3,67.1,6.77,1060.1,Swarnamani
89.43,40.47,97.1,31.3,56.7,7,603.9,Ankur Gold
137.46,44.46,86.6,31.5,61.6,6.91,742.5,VNR 51
134.32,54.31,77.8,27.7,70.5,6.52,675.7,Bhagyamati
145.77,61.11,106.62,30.5,53.3,5.93,971.6,Azad Kranti
131.07,61.91,116.34,32.4,80.6,6.4,806.9,Pusa Niharika
95.67,59.15,82.55,32.2,61,6.51,749.7,Krishna
108.35,68.76,85.74,33.4,68.8,5.8,1176,Bhavya
80.86,42.76,82.1,20.7,79.8,6.96,748.8,Pusa Navneet
120.02,48.01,110.58,24.7,52.7,6.36,766.1,Pusa Sadabahar
143.03,49.28,102.57,31.2,62.4,6.83,950.6,Mahyco-10
124.63,57.5,100.96,26.6,53.3,6.95,692.9,Shakthi
111.94,53.46,118.26,32.5,55.2,6.48,1118.3,Ankur Gold
109.27,53.92,70.25,27.4,63.7,6.44,981.7,Pusa Rani
92.89,47.38,81.5,22.4,73.6,6.76,730.5,Krishna
144.28,53.41,111.26,32.4,77.1,5.66,1071.9,Bhavya
116.51,65.67,82.54,22,58.8,6.57,615.2,Pusa Bhairav
108.09,51.62,84.68,25.2,73.4,6.61,1191.3,Ankur Shreyas
87.83,69.54,114.02,30.3,62.9,6.75,614.2,CO-2
99.69,66.13,95.04,34.5,60.2,6.1,907.2,Pusa Purple Cluster
109.09,60.32,76.08,32.5,50.6,6.4,869.4,Pusa Shyamala
121.66,53.71,105.59,24,83,5.94,784.6,Pusa Ankur
87.08,57.63,109.21,24.9,54.3,6.98,817.6,Pusa Kranti
94.17,68.5,119.14,21.6,72.2,6.34,745.1,Pusa Niharika
84.7,53.58,83.76,20.6,70.3,6.83,972.3,Pusa Nandini
117,40.01,103.41,29.6,57,5.79,1148.9,Pusa Mohini
134.14,65.05,84.01,20.3,52.4,5.94,637.4,Bhagyamati
146.32,47.08,104.05,26.5,78.8,6.76,609.7,Arka Kusumkar
138.37,46.94,75.11,28.6,84.9,6.6,672.7,Manjari Gota
114.4,52.65,84.89,25.7,52.3,6.57,674.9,Ankur Shreyas
119.22,63.88,77.49,21.8,63.3,6.08,780,Shakthi
88.45,41.63,114.97,27.1,58.6,5.86,710.8,CO-3
147.15,60.42,89.82,22.5,66.4,6.04,820.4,Pusa Ankur
118.08,58.24,107.67,21.3,77.9,6.11,816.8,Pusa Ankur
145.05,48.02,118.68,31.9,64.9,6.04,1184.5,Pusa Kranti
133.16,42.99,92.21,30.3,65.4,6.64,826,CO-2
124.87,45.43,102.72,24.9,53.5,5.84,1125.9,Pusa Purple Long
100.84,57.19,72.93,27.4,51.6,6.29,823.9,Shakthi
82,54.08,93.15,24.6,72.4,6.16,1049.3,CO-2
112.56,40.41,81.93,23.5,72.9,5.57,853,Pusa Bindu
134.7,56.53,99.37,31.3,66.5,5.75,717.9,Pusa Ankur
94.57,54.93,96.48,32,79.6,5.5,1108.8,Shakthi
124.48,53.64,96.73,20.3,74.1,6.23,924.6,Pusa Navneet
146.81,41.03,102.25,26.6,66.8,5.75,708.9,Pusa Nandini
119.09,58.97,119.23,20.4,65.9,5.66,1148.3,Arka Shirish
118.38,44.09,84.51,32.5,75.7,6.2,865.8,Pusa Uttam
97.13,67.15,117.06,22.6,62,6.84,997.5,Pusa Jyoti
82.82,55.34,104.21,34.7,83.3,6.88,915.9,Pant Rituraj
106.84,49.5,71.57,31.2,71.1,6.4,1005.8,Bhavya
103.17,46.35,117.22,34.4,59.8,5.55,1094.3,Pusa Ankur
123.98,67.73,112.76,27.4,82.2,6.45,713.9,Pusa Ankur
90.2,65.67,81.55,22.5,81.3,5.99,805.7,Arka Neelkanth
86.81,69.41,104.52,26.2,57.2,6.98,1061.6,Krishna
104.08,58.12,95.83,29.4,74.7,6.62,1104.5,Annamalai
125.6,56.72,106.07,28,61,5.66,1154.8,Kashi Sandesh
80.05,44.8,115.48,28.7,74.7,7,954.2,Green Long
147.36,46.39,77.85,30.7,78.6,5.77,794.2,VNR 51
104.93,59.4,87.52,20.9,70.5,6.19,735.6,Pusa Navneet
115.43,68.25,119.81,25.2,69.7,6.14,1060.5,Ankur Shreyas
87.53,69.87,90.66,29.7,75.6,6.45,1182.3,Shyamala
149.75,60.51,117.63,24,67.7,6.29,860.9,Ankur Gold
87.23,69.02,72.21,22.5,82.6,5.77,654.2,Shakthi
82.88,49.08,72.24,24.3,67,6.78,854.2,Pusa Sadabahar
108.19,40.45,71.14,23.7,70.8,5.96,1040,Shakthi
109.04,49.85,76.51,22.5,51.6,6.12,1089.9,Pusa Ankur
96.98,53.88,89.18,23.7,55.9,5.87,1080.4,Pusa Navneet
121.97,64.78,81.34,20.4,54.2,6.83,1109.3,Kashi Sandesh
107.89,40.14,89.11,32.4,83.4,6.47,1197.5,Pusa Uttam
148.75,54.84,98.13,34.3,50.4,6.26,933.4,Pusa Jyoti
142.21,49.16,105.55,29.3,69.2,5.86,1184,Manjari Gota
121.06,53.82,84.49,33.7,66.4,5.69,606.6,Swarnamani
113.4,49.03,77.98,28.1,75.3,5.95,903.7,Pusa Uttam
132.27,43.63,101.28,28.5,66.3,6.06,1098,Pusa Navneet
88.19,69.27,78.55,29.8,60,5.83,731.3,Pusa Sadabahar
119.45,67.09,94.5,35,70.4,6.97,1050.9,Manjari Gota
119.23,61.82,102.55,26.7,63.5,6.94,1183.1,Pusa Uttam
87.89,63.29,105.35,34.8,72.8,6.58,806.1,Pusa Sadabahar
108.24,48.68,99.98,33.8,70.3,6.9,890.8,Pusa Nandini
83.57,40.69,87.3,28.6,66.2,6.4,1136.5,Swarnmani
128.64,52.16,115.1,26.1,61.3,6.22,943.5,Pusa Sadabahar
143.55,48,117.37,32.6,76,5.82,717.1,Pusa Ankur
110.04,65.44,95.6,24.2,62.2,6.53,1032.8,Long Purple
96.72,60.82,118.27,21.2,74.4,6.56,927.1,Pusa Hybrid-5
121.83,45.87,75.99,26.1,52.6,6.83,1163.1,Pusa Nandini
105.61,63.77,94.78,20.2,80.1,6.67,794.7,Ankur Vaibhav
145.49,53.42,76.35,33,72.2,5.53,866.7,Pusa Bhairav
122.03,49.31,110.85,28.6,72.2,5.6,953.5,Manjari Gota
84.76,52.06,108.48,28.9,67.4,5.56,994.5,Shakthi
120.32,40.02,97.09,22.7,74.5,6.51,873.1,Arka Neelkanth
101.54,55.97,84.21,20.5,74.9,5.85,718.8,Ankur Arjun
108.28,58.81,88.02,27.2,67.8,6.26,677.1,Pusa Navneet
148.85,45.66,104.79,26,68.4,6.37,640.9,Swarnmani
93.67,64.55,80.54,29.8,76.7,5.68,891.5,Shyamala
145.41,66.63,97.62,22.9,65.1,6.49,643.4,Arka Shirish
104.59,44.22,72.84,34,77.9,6.01,619.9,Kashi Komal
146.45,57.19,85.36,24.6,72,5.63,1060.4,Shyamala
87.27,44.75,84.9,32.3,50.4,5.78,802.1,Pusa Niharika
100.36,57.05,90.05,21.8,72.9,5.78,1008.2,Arka Neelkanth
83.54,40.22,97.57,26.2,84.6,6.68,979.9,Pusa Bindu
118.83,54.91,96.4,29.6,60.6,6.22,666.6,Pusa Sadabahar
148.95,46.91,110.25,34.2,59.8,6.06,1182.2,Ankur Gold
85.91,51.02,89.14,32.9,72.5,5.67,915.6,Pant Samrat
80.97,60.93,109.62,32.1,70.7,6.72,621.9,Ankur Arjun
107.98,49.33,72.05,33.9,52.8,6.35,1099.1,Arka Nidhi
103.36,49.04,79.71,31.5,67.4,5.57,683.9,Pusa Purple Cluster
95.51,66.14,101.2,25,58.2,6.13,1006.6,Ankur Gold
138.95,42.27,105.51,21.5,68.1,5.64,727.1,Bhagyamati
122.23,55.55,86.5,26.9,81.8,6.45,1177.9,Pusa Santosh
94.23,45.9,106.66,28.7,78.3,5.58,1036,Pusa Bhairav
124.53,64.55,70.03,20.9,65.3,6.78,955.4,Pusa Upkar
137.59,48.05,107.58,28.7,61.5,6.08,1132.6,Ankur Vaibhav
114.92,69.37,99.26,29.1,77.7,6.85,1063.3,Arka Neelkanth
129.56,65.06,105.96,22.2,73.4,6.75,615.1,Kashi Sandesh
137.41,68.78,78.08,28,54.2,6.64,842,Pusa Hybrid-5
111.81,42.94,87.04,33.6,61.6,5.92,710.2,Azad Kranti
123.87,58.34,74.22,22.7,65.4,6.3,860.8,Kashi Sandesh
87.79,63.31,84.96,33.2,78.5,6.47,998.5,Green Round
130.45,69.72,77.66,20.3,84.6,6.74,751.7,Pusa Uttam
131.55,56.11,101.35,23.1,78.6,5.78,1103.7,Ankur Arjun
97.5,41.03,96.04,31.2,56.9,5.88,1116.4,Pant Rituraj
112.25,43.83,71.58,25.6,64.3,5.92,1134.7,Pusa Bindu
145.26,65.8,87.47,21.2,84,6.3,1100.6,VNR 51
98.66,43.83,90.64,32.3,54.4,6.82,734.2,Arka Kusumkar
130.78,48.6,94.04,34.1,80.9,6.03,1052.2,Arka Neelkanth
83.07,61.42,95.39,33.9,81.4,6.52,1179,Bhavya
116.02,69.65,71.28,28.8,73.6,6.09,1110.6,Pusa Navneet
86.37,56.57,117.17,33.7,53.1,5.95,1189.5,Pusa Shyamala
129.16,68.88,86.74,22.4,57.5,6.83,1108.3,Pusa Jyoti
88.8,46.69,105.96,31.6,72.9,5.81,735.3,Pusa Upkar
129.3,61.52,73.77,26.6,78,5.95,1138.9,Annamalai
127.66,60.35,71.42,25.8,79.8,6.59,880.4,Swarnamani
104.72,67.05,101.97,23.1,58.4,6.94,1171,Ankur Vaibhav
87.83,42.08,81.55,24.1,73.4,5.86,1161.5,Kashi Taru
145.12,66.92,73.43,20.8,80.8,6.42,1199.9,Shyamala
118.09,57.54,83.75,23.5,70.7,5.52,1146.2,Green Long
96.28,62.55,114.04,28.5,84.8,6.81,910.9,Ankur Arjun
114.81,58.37,104.92,27.3,76.7,5.5,1077.1,Bhavya
90.94,50.88,77.47,33.1,72,6.37,787,Long Purple
110.73,57.1,114.98,28.2,65.4,5.61,814.5,Long Purple
91.07,59.36,119.33,31.1,66,6.28,723.3,Azad Kranti
148.98,60.28,106.46,20.9,80.2,6.09,865.2,Pusa Mohini
142.89,57.15,109.1,29,64.7,6.05,788.8,Annamalai
142.16,40.66,109.69,27.1,57,6.62,805,Bhagyamati
109.54,66.4,115.1,30.8,72.9,6.59,1177.8,Pusa Uttam
95.43,50.79,98.44,31.5,62.7,6.41,939.9,Pusa Bindu
90.73,53.81,117.14,20.5,54.8,6.54,745.2,VNR 51
81.38,60.1,104.05,28.3,67.4,6.65,1165.8,Ankur Vaibhav
97.2,64.49,97.64,34.9,79.9,6.48,606.8,Krishna
142.9,60.95,100.85,28.5,61.5,6.31,1000.8,Green Long
105.46,55.01,76.77,26.4,59.2,6.08,1096.8,CO-3
130.53,66.52,71.79,20.1,63.2,5.87,803.1,Green Round
138.82,41.77,97.5,27.9,55.4,6,1081.5,Pusa Purple Cluster
113.78,41.27,87.26,25.2,52.8,5.53,1166.4,Pusa Bhairav
97.43,56.34,88.42,31.4,60,5.85,667.1,Pusa Kranti
118.01,65.01,118.42,21.5,50.6,6.14,831.5,Arka Shirish
148.82,42.82,75.94,29.2,60.2,5.83,1143.5,Swarnmani
142.8,52.46,94.52,25,83.4,5.93,954.3,CO-2
93.32,63.91,83.7,32.1,80.2,6.23,1110.1,Pusa Niharika
133.74,59.97,97.28,34.2,55.5,5.93,864.8,Bhavya
144.83,43.04,71.99,24.2,53.3,5.88,737.9,Pusa Rani
84.75,57.87,78.56,25,79.4,5.88,906.7,Pusa Shyamala
100.8,45.42,118.45,26.4,64.7,6.86,1194.9,Pusa Upkar
86.33,54.2,72.68,27.9,63.9,6.03,741.9,Green Long
106.39,60.04,106.9,27.4,82.2,6.05,1111.4,Pant Samrat
111.04,60.56,76.11,26.8,69.1,6.17,978.5,Pusa Mohini
108.61,50.59,75.65,26.3,67.8,5.7,702.1,Pusa Niharika
91.34,56.92,95.1,33.2,66.8,6.8,915,Green Long
101.97,62.87,93.71,23.9,81.3,5.58,801.5,Kashi Sandesh
121.37,43.48,107.61,28.4,54.5,6.08,709.2,VNR 51
123.83,53.84,77.88,21.9,54.4,5.7,630.1,Long Purple
141.72,41.15,117.59,34.9,55.2,6.17,900,Ankur Shreyas
105.51,56.33,108.89,34.2,59.7,6.61,1145.3,Pusa Sadabahar
129.25,45.89,70.68,34.8,82.2,5.84,1075.2,Azad Kranti
110.29,51.54,93.9,23.2,60.3,5.63,660.2,Shakthi
144.57,45.84,89.29,22.6,74,5.84,1154.4,Pusa Santosh
128.74,52.98,96.71,28.3,69.1,6.57,896.8,Pusa Rani
114.41,45.22,73.3,27.8,61.8,6.62,702.4,Kashi Taru
112.12,48.69,100.84,27.6,84.3,5.6,1058.3,VNR 51
117.39,57.08,96.84,33.6,54.5,5.76,861.1,Bhavya
80.77,60.81,77.85,30.7,74.6,5.96,1051.5,Pusa Rani
115.3,59.9,115.9,34.9,65,5.88,1138.1,Pusa Shyamala
110.48,62.85,97.42,33.4,53.5,6.74,925.1,Pusa Uttam
113.76,51.17,103.71,22.5,79.7,5.72,836.4,Pusa Sadabahar
109.09,49.31,94.42,22.3,50.8,6.54,654.3,Pusa Bindu
99.28,42.92,118.69,20.6,62.6,6.71,993.1,Pusa Rani
117.14,68.37,106.08,30.2,61.5,6.75,747,Pant Rituraj
140.16,43.81,70.93,25.1,60.2,6.2,1069.3,Pusa Hybrid-5
134.77,57,114.49,22.5,53.2,6.12,964.7,VNR 51
129,54.8,91.93,34.1,81.3,6.44,1150.1,Pusa Bhairav
125.65,43.02,83.12,23.7,71,6.64,851.2,Mahyco-10
117.04,44.12,95.01,28,76.7,5.54,804.3,Manjari Gota
94.43,63.65,109.52,29.3,78.3,6.07,1164.9,Shyamala
116.73,40.38,94.39,23,84.3,6.94,851.5,Pusa Santosh
134.87,47.12,108.93,27.1,75.6,5.72,995.2,Arka Nidhi
116.51,62.38,93.42,25.1,71.1,6.57,1087.7,Pusa Purple Cluster
120.82,50.99,103.88,33.6,73.8,6.71,1134.4,Pant Rituraj
101.05,64.53,105.26,28.5,66.7,6.32,1081.8,Mahyco-10
149.06,45.23,106.24,28.2,73.6,5.85,610.8,Mahyco-10
113,66.17,105.72,33.4,75.3,5.77,1000.5,Shakthi
145.77,48.28,100.13,24,54.3,6.83,1175.7,Manjari Gota
102.86,62.96,88.79,33.9,56.1,5.98,934.7,Nayantara
149.89,53.1,71.94,29.3,67.1,5.68,777.5,Shyamala
140.79,49.95,119.96,32.5,65.1,5.89,853.1,Azad Kranti
132.62,55.76,108.92,26.9,64.6,6.26,1015.9,Ankur Vaibhav
84.35,58.38,98.42,33.4,74.7,5.92,959.8,Arka Neelkanth
102.83,52.84,97.66,30.6,77.4,6.2,934.9,Phule Harit
133.01,65.85,90.26,34.6,64.7,6.31,1063.8,Pusa Sadabahar
140.72,60.8,80.14,26.7,74.8,5.63,1060.5,CO-3
132.62,56.9,109.52,22.3,76.6,6.6,1105.4,Arka Neelkanth
121.08,61.62,112.98,22.5,78.7,6.32,1042.7,Pusa Jyoti
83.98,65.29,79.75,21.1,77.1,5.83,814.6,Green Long
131.26,59.49,118.63,31.1,70.7,6.48,728.9,Arka Kusumkar
141.45,66.58,104.02,26.4,64.6,5.65,600.5,Arka Shirish
85.91,55.05,100.23,25.5,75.3,6.8,811.3,Ankur Gold
82.29,45.13,108.45,30.1,84,5.94,762.9,VNR 51
84.2,51.21,114.92,33.5,75.7,6.02,617.6,Green Round
145.41,53.21,70.8,24.6,70.3,6.88,841.5,CO-2
111.88,68.67,104.99,28.7,75.3,6.33,926.9,Arka Nidhi
99.45,48.68,116.37,21.5,65.3,6.63,969.5,Manjari Gota
142.41,48.59,92.1,24.2,73.2,6.5,904.6,Pusa Ankur
140.78,69.58,85.22,33.2,67.1,5.74,1013.7,Phule Harit
83.55,47.03,86.63,24.1,52.6,5.85,675.5,Pusa Rani
133.69,67.21,92.29,22.3,50.3,5.98,937.4,Ankur Vaibhav
113.51,46.05,109.14,30.3,50.4,6.09,928.1,Ankur Shreyas
106.34,53.43,83.81,25.6,54,6.72,1018.7,Arka Shirish
129.73,48.51,112.02,26,72.3,6.11,670.1,CO-3
83.02,55.4,98.67,32.5,54.7,5.56,943.3,Pusa Mohini
86.96,69.43,88.55,32.2,67.8,6.73,987,Pusa Santosh
80.11,63.81,77.26,25.9,82.3,5.8,791.5,Pusa Rani
130.47,67.17,74.04,31.1,72.9,6.52,895.3,Pusa Upkar
149.62,43.66,87.47,28.7,72.6,6.98,1102.6,VNR 51
88.03,46.56,91.57,34.7,70.7,6.1,881.5,Swarnmani
87.77,50.9,90.31,31.4,82.2,6.27,988.3,Pusa Nandini
146.09,52.33,88.07,33.7,84.1,6.78,956.8,Pusa Mohini
111.18,58.87,81.41,33.2,52.6,5.54,994.1,Pusa Rani
104.78,67.04,70.02,26.2,61.1,6.45,944.9,Pusa Purple Long
100.09,42.19,119.45,31.4,54.7,6.43,1143.8,CO-2
98.16,40.63,102.59,32.2,79.7,5.91,726.2,Azad Kranti
125.29,56.49,92.82,33.8,65.7,5.79,817.6,Ankur Gold
106.7,56.27,90.19,22.9,84.1,6.92,1159.2,VNR 51
111.43,51.28,98.58,34.3,74.6,6.36,722,Pusa Uttam
146,50.09,99.61,28.3,70.9,5.67,818.1,Mahyco-10
146.18,59.17,105.27,24.2,50.3,5.85,764.1,Bhagyamati
138.95,68.82,115.14,26.3,64.7,6.61,989.1,Ankur Arjun
145.55,55.14,115.7,31.6,65,6.63,897.8,Bhagyamati
129.09,42.87,84.2,21.3,65,5.9,779.3,Pusa Jyoti
123.04,65.37,111.45,27.2,83.9,5.5,1138.8,Manjari Gota
83.6,60.86,111.27,29.4,51.4,5.69,888.8,Shakthi
139.49,50.92,91.32,31.3,75.2,6.22,721.8,Pusa Purple Cluster
81.66,45.75,118.59,34.6,61.1,6.31,911,Pusa Navneet
111.37,55.94,82.59,31.7,65.9,6.02,684.1,Nayantara
123.78,60.61,105.03,23.2,84.1,5.55,814.8,Pusa Rani
91.79,43.38,85.08,30.9,65.3,6.76,929.3,Krishna
83.9,47.89,96.13,34.8,67.9,5.92,624.8,Pusa Shyamala
144.19,57.31,105.36,22.8,78.1,5.64,877.1,CO-2
136.63,55.19,111.2,33.7,55.5,6.28,617.4,Pusa Rani
82.09,45.09,101.43,26.6,79.8,6.29,709.8,Pusa Uttam
106.24,52.85,114.69,33.6,74.1,6.53,806.5,Kashi Komal
144.87,44.01,79.92,24.3,82.1,6.39,601.1,Green Long
91.42,64.81,78.66,24.1,58,6.26,1174.8,Pusa Purple Long
91.34,42.88,92.75,23.5,59.6,5.85,1092.5,Pusa Jyoti
107.45,65.26,114.26,33.1,50.1,5.74,689.7,Ankur Shreyas
103.16,68.91,75.9,27.1,64.3,6.46,669.5,Pusa Santosh
84.31,41.61,83.37,29,66.1,5.58,887.4,Krishna
103.15,62.03,111.68,22.7,57.8,5.73,739.7,Shakthi
100.67,66.89,97.09,24.6,77.4,6.9,805,Phule Harit
130.68,53.08,75.2,20.1,54,6.54,1146.6,Kashi Taru
138.28,64.82,119.82,21.1,71.6,5.59,603.2,Shyamala
148.76,54.16,104.12,29,57.3,6.27,842.3,Arka Kusumkar
132.24,45.11,95.78,26.1,66.9,6.63,1069.7,Pant Samrat
85.37,69.85,95.36,26.3,74.7,6.26,1075.6,Pusa Nandini
84.62,63.34,71,32.9,72.6,6.8,1133.8,Pusa Purple Long
127.84,41.17,73.42,22.1,83.6,6.77,823.5,Pusa Rani
143.52,42.38,92.09,20.6,65.8,6.02,1146.1,Arka Kusumkar
99.34,45.6,96.56,30.1,72.2,6.65,717.7,Pant Samrat
105.79,61.76,109.36,23.8,74.6,6.28,652.9,Pusa Shyamala
114.11,55.89,81.56,26,54.7,6.52,649.7,Azad Kranti
122.97,47.62,79.78,32.4,52.3,6.57,1016.5,Azad Kranti
92.34,42.74,82.28,32,55.6,6.92,614.6,VNR 51
112.64,45.11,96.81,20.2,54.6,6.73,936,Ankur Gold
147.21,61.8,94.45,21.4,61,6.99,684.6,Pusa Nandini
148.11,48.87,106.18,32.8,62.1,6.56,693.8,Pusa Mohini
90.11,59.51,92.78,30.3,78.8,6.79,1061.8,Pusa Mohini
141.55,48.86,106.31,26,60.8,5.51,1030.9,Pusa Santosh
138.67,61.78,85.01,22.1,62.8,5.6,952.3,VNR 51
125.99,47.52,118.85,26.5,59.1,6.83,928.9,Pusa Purple Long
107.46,49.24,79.29,34.8,83.7,6.61,717.1,Pusa Navneet
85.48,65.86,113.92,33.7,66.7,6.24,1019.2,Green Long
133.31,52.66,72.64,28.4,80.6,6.24,673.4,Swarnmani
129.16,62.24,73.23,21.7,64.2,6.21,1070.9,Pusa Shyamala
143.01,67.33,74.19,34.7,60.6,6.82,1044.3,Pant Samrat
142.26,56.21,70.11,28.5,75.7,5.83,996.4,Long Purple
85.74,41.83,89.4,34.3,72.1,6.36,620.7,Pusa Niharika
99.59,51.62,82.33,29.1,70.4,5.73,1063.8,Ankur Vaibhav
98.28,49.65,98.17,26.7,51.8,6.41,710.8,Pusa Uttam
104.88,62.05,86.73,32,62.2,6.59,878.3,Pusa Navneet
82.22,59.46,87.32,27.9,50.8,6.71,928.2,Manjari Gota
89.58,48.3,118.22,34.6,65.6,6.47,1026.3,Pusa Navneet
105.85,48.02,98.11,28.6,83.4,5.74,859.1,Swarnamani
138.41,59.77,88.01,23.5,71.9,6.41,1052.2,Pusa Purple Long
114.38,64.69,110.3,28.5,57.2,6.05,911.9,Ankur Gold
115.93,53.04,73.57,32.9,79.1,6.05,1042,Pusa Purple Cluster
125.6,64.89,86.18,23.5,66.5,6.11,1103.3,Pant Samrat
113.55,44.2,81.71,30,75.8,6.46,1031.2,Mahyco-10
131.49,62.61,83.63,34.4,51.5,6.9,708.9,Krishna
139.04,64.21,97.02,22.8,77.4,6.74,765.3,Pusa Mohini
89.82,59.43,93.12,24,80.7,5.64,988,Shakthi
95.39,42.47,103.17,21.8,59.1,6.83,849.1,Pusa Upkar
126.58,59.64,108.98,30.8,79.1,6.73,1129,CO-2
86.23,65.36,114.86,23,68.5,5.52,1149.8,Arka Nidhi
94.09,63.17,75.42,25.7,77.8,6.79,1180.9,Pusa Nandini
89.4,61.39,119.36,34.9,74.9,6.36,952.8,Pusa Hybrid-5
149.42,54.76,105.13,21.3,62.7,5.69,1098.7,Pusa Navneet
96.27,61.86,89.45,26.5,83.4,5.55,882.3,Pusa Jyoti
141.55,52.17,93.66,22.2,54.4,5.76,976.2,Pusa Kranti
104.17,52.5,80.53,20.8,61.2,6.25,766.9,Pusa Purple Long
90.48,52.43,90.14,34.9,70.6,6.23,693.9,Swarnamani
118.83,51.97,74.54,26.9,75.9,6.18,758.3,Kashi Sandesh
113.27,51.07,111.56,25.6,75.9,6.5,792,Ankur Gold
139.94,60.61,97.01,20.6,80.6,6.33,775,Ankur Arjun
143.98,49.78,105.54,23.3,79.9,6.32,852.4,Pusa Rani
143.11,57.83,105.25,27.9,68.2,6.16,1059.6,Pusa Mohini
102.03,52.11,74.81,26.1,64.2,6.26,836.7,Arka Neelkanth
98.4,60.04,98.06,31.2,81.8,6.19,1092.4,VNR 51
98.26,60.14,108.65,31.9,52,5.88,1066.6,Pant Samrat
123.73,63.17,99.55,30,61.2,6.11,606.7,Ankur Vaibhav
123.1,54.64,119.77,30.1,66.8,6.89,933.7,Arka Kusumkar
90.77,59.55,115.87,26.8,82.6,5.7,1152.9,Ankur Shreyas
126.78,53.27,108.25,25.6,65.9,6.25,617.9,CO-2
140.2,50.84,87.81,23.8,52.7,6.94,1022.9,Ankur Arjun
96.34,59.42,82.17,29.3,75.4,6.52,874.8,Annamalai
149.73,51.15,83.81,30.5,72.2,5.88,898.7,Kashi Komal
106.29,44.74,106.49,26.2,79.9,6.73,661.4,Azad Kranti
99.95,40.64,93.69,34,81.2,6.58,973,Pusa Santosh
135.77,43.37,78.53,34.2,79.5,7,1113.2,Pusa Bhairav
145.11,67.01,80.41,33.9,68.2,6.82,1180.1,Pusa Sadabahar
118.36,54.42,109.56,29,54.4,6.97,940,Pusa Niharika
83.09,65.24,93.35,32.3,52.9,5.98,1146.5,Ankur Arjun
113.8,59.59,86.21,27.4,53.3,5.78,779.4,Ankur Vaibhav
